species	phase	alternate_phase	reference	ref
Acanthoica acanthifera	HET			
Acanthoica acanthos	HET			
Acanthoica quattrospina	HET	Acanthoica quattrospina HOL		Cros et al., 2000
Acanthoica quattrospina	HET	Acanthoica quattrospina HOL		Cros et al., 2002
Acanthoica quattrospina	HET	Acanthoica quattrospina HOL		Supraha et al., 2014
Acanthoica quattrospina	HET	Acanthoica quattrospina HOL		Triantaphyllou et al., 2015
Acanthoica quattrospina HOL	HOL	Acanthoica quattrospina		Cros et al., 2000
Acanthoica quattrospina HOL	HOL	Acanthoica quattrospina		Cros et al., 2002
Acanthoica quattrospina HOL	HOL	Acanthoica quattrospina		Supraha et al., 2014
Acanthoica quattrospina HOL	HOL	Acanthoica quattrospina		Triantaphyllou et al., 2015
Algirosphaera robusta	HET			
Alisphaera capulata	HET			
Alisphaera extenta	HET			
Alisphaera gaudii	HET			
Alisphaera gaudii POL	POL			
Alisphaera pinnigera	HET			
Alisphaera unicornis	HET	Alisphaera unicornis POL		Supraha et al., 2018
Alisphaera unicornis POL	POL	Alisphaera unicornis		Supraha et al., 2018
Calcidiscus leptoporus	HET	Calcidiscus leptoporus HOL		Kleijne et al., 1991
Calcidiscus leptoporus	HET	Calcidiscus leptoporus HOL		Cortes et al., 2000
Calcidiscus leptoporus	HET	Calcidiscus leptoporus HOL		Renaud et al., 2001
Calcidiscus leptoporus	HET	Calcidiscus leptoporus HOL		Houdan et al., 2004
Calcidiscus leptoporus	HET	Calcidiscus leptoporus HOL		Geisen et al., 2002
Calcidiscus leptoporus HOL	HOL	Calcidiscus leptoporus		Kleijne et al., 1991
Calcidiscus leptoporus HOL	HOL	Calcidiscus leptoporus		Cortes et al., 2000
Calcidiscus leptoporus HOL	HOL	Calcidiscus leptoporus		Renaud et al., 2001
Calcidiscus leptoporus HOL	HOL	Calcidiscus leptoporus		Houdan et al., 2004
Calcidiscus leptoporus HOL	HOL	Calcidiscus leptoporus		Geisen et al., 2002
Calciopappus caudatus	HET			
Calciopappus rigidus	HET			
Calciosolenia brasiliensis	HET			
Calciosolenia murrayi	HET			
Calicasphaera blokii	HOL			
Calicasphaera concava	HOL			
Calicasphaera diconstricta	HOL			
Calyptrolithina divergens	HOL	Syracosphaera halldalii		Triantaphyllou et al., 2004
Calyptrolithina multipora	HOL			
Calyptrosphaera heimdaliae	HOL	Cyrtosphaera aculeata		Triantaphyllou et al., 2015
Calyptrosphaera sphaeroidea HOL	HOL	Calyptrosphaera sphaeroidea		Noël et al., 2004
Ceratolithus cristatus CER	CER	Ceratolithus cristatus HET		Archontikis et al., 2020
Ceratolithus cristatus CER	CER	Ceratolithus cristatus HET		Alcober  et al.,  1997
Ceratolithus cristatus CER	CER	Ceratolithus cristatus HET		Young  et al., 1998
Ceratolithus cristatus CER	CER	Ceratolithus cristatus HET		Cros  et al., 2000
Ceratolithus cristatus CER	CER	Ceratolithus cristatus HET		Sprengel  et al., 2000
Ceratolithus cristatus HET	HET	Ceratolithus cristatus CER		Archontikis et al., 2020
Ceratolithus cristatus HET	HET	Ceratolithus cristatus CER		Alcober  et al.,  1997
Ceratolithus cristatus HET	HET	Ceratolithus cristatus CER		Young  et al., 1998
Ceratolithus cristatus HET	HET	Ceratolithus cristatus CER		Cros  et al., 2000
Ceratolithus cristatus HET	HET	Ceratolithus cristatus CER		Sprengel  et al., 2000
Coccolithus pelagicus	HET	Coccolithus pelagicus HOL		Geissen et al., 2002
Coccolithus pelagicus	HET	Coccolithus pelagicus HOL		Parke et al., 1960
Coccolithus pelagicus HOL	HOL	Coccolithus pelagicus		Geissen et al., 2002
Coccolithus pelagicus HOL	HOL	Coccolithus pelagicus		Parke et al., 1960
Corisphaera gracilis	HOL	Rhabdosphaera xiphos		Supraha et al., 2018
Corisphaera gracilis	HOL	Rhabdosphaera xiphos		NannoTax3
Corisphaera tyrrheniensis	HOL			
Cyrtosphaera aculeata	HET			
Discosphaera tubifera	HET			
Emiliania huxleyi	HET			
Florisphaera profunda	HET			
Flosculosphaera calceolariopsis	HOL			
Formonsella pyramidosa	HET			
Gephyrocapsa ericsonii	HET			
Gephyrocapsa muellerae	HET			
Gephyrocapsa oceanica	HET			
Gephyrocapsa ornata	HET			
Gephyrocapsa parvula	HET			
Gladiolithus flabellatus	HET			
Gliscolithus amitakareniae	HOL			
Hayaster perplexus	HET			
Helicosphaera HOL catilliferus type	HOL	Helicosphaera carteri		Cros et al., 2000
Helicosphaera HOL catilliferus type	HOL	Helicosphaera carteri		Cros et al., 2002
Helicosphaera HOL confusus type	HOL			
Helicosphaera HOL ponticuliferus type	HOL	Helicosphaera wallichii		Couapel et al., 2009
Helicosphaera carteri	HET			
Helicosphaera hyalina	HET			
Helicosphaera pavimentum	HET			
Helicosphaera pavimentum HOL	HOL	Helicosphaera pavimentum		
Helicosphaera wallichii	HET			
Helladosphaera cornifera	HOL	Syracosphaera nodosa		Cros et al., 2000
Helladosphaera cornifera	HOL	Syracosphaera noroitica		Young et al., 2002
Helladosphaera pienaarii	HOL			
Helladosphaera vavilovii	HOL			
Holococcolithophora dentata	HOL			
Homozygosphaera spinosa	HOL			
Homozygosphaera triarcha	HOL			
Michaelsarsia adriaticus	HET			
Michaelsarsia elegans	HET			
Oolithotus antillarum	HET			
Oolithotus fragilis	HET			
Ophiaster formosus	HET			
Ophiaster hydroideus	HET			
Palusphaera vandelii	HET			
Pappomonas sp. type 3	HET			
Pappomonas sp. type 5	HET			
Pappomonas type 3	HET			
Pappomonas type 5	HET			
Papposphaera lepida	HET			
Picarola margalefii	HET			
Pontosphaera syracusana	HET			
Poritectolithus maximus	HOL			
Poritectolithus poritectus	HOL			
Reticulofenestra sessilis	HET			
Rhabdosphaera clavigera	HET			
Rhabdosphaera xiphos	HET			
Scyphosphaera apsteinii	HET			
Sphaerocalyptra adenensis	HOL			
Sphaerocalyptra quadridentata	HOL	Algirosphaera robusta		Kamptner et al., 1940
Sphaerocalyptra quadridentata	HOL	Algirosphaera robusta		Triantaphyllou et al., 2003
Sphaerocalyptra quadridentata	HOL	Algirosphaera robusta		Dimiza et al., 2008
Sphaerocalyptra quadridentata	HOL	Rhabdosphaera clavigera		Cros et al., 2002
Sphaerocalyptra youngii	HOL			
Syracolithus sp. type A	HOL			
Syracosphaera ampliora	HET			
Syracosphaera anthos	HET	Syracosphaera anthos HOL		Cros et al., 2000
Syracosphaera anthos HOL	HOL	Syracosphaera anthos		Cros et al., 2000
Syracosphaera arethusae	HET	Syracosphaera arethusae HOL		Cros et al., 2000
Syracosphaera arethusae	HET	Syracosphaera arethusae HOL		Triantaphyllou et al., 2015
Syracosphaera arethusae	HET	Syracosphaera arethusae HOL		Supraha et al., 2016
Syracosphaera arethusae HOL	HOL	Syracosphaera arethusae		Cros et al., 2000
Syracosphaera arethusae HOL	HOL	Syracosphaera arethusae		Triantaphyllou et al., 2015
Syracosphaera arethusae HOL	HOL	Syracosphaera arethusae		Supraha et al., 2016
Syracosphaera aurisinae	HET	Syracosphaera aurisinae HOL		Keuter et al., 2021
Syracosphaera aurisinae HOL	HOL	Syracosphaera aurisinae		Keuter et al., 2021
Syracosphaera bannockii	HET	Syracosphaera bannockii HOL		Cros et al., 2000
Syracosphaera bannockii	HET	Syracosphaera bannockii HOL		Daniels et al., 2014
Syracosphaera bannockii HOL	HOL	Syracosphaera bannockii		Cros et al., 2000
Syracosphaera bannockii HOL	HOL	Syracosphaera bannockii		Daniels et al., 2014
Syracosphaera borealis	HET			
Syracosphaera corolla	HET			
Syracosphaera dilatata	HET			
Syracosphaera epigrosa	HET			
Syracosphaera exigua	HET			
Syracosphaera gaarderae	HET	Syracosphaera gaarderae HOL		Keuter et al., 2019
Syracosphaera gaarderae HOL	HOL	Syracosphaera gaarderae		Keuter et al., 2019
Syracosphaera halldalli	HET			
Syracosphaera hastata	HET			
Syracosphaera histrica	HET	Syracosphaera histrica HOL		Cros et al., 2000
Syracosphaera histrica	HET	Syracosphaera histrica HOL		Triantaphyllou et al., 2014
Syracosphaera histrica	HET	Syracosphaera histrica HOL		Triantaphyllou et al., 2015
Syracosphaera histrica HOL	HOL	Syracosphaera histrica		Cros et al., 2000
Syracosphaera histrica HOL	HOL	Syracosphaera histrica		Triantaphyllou et al., 2014
Syracosphaera histrica HOL	HOL	Syracosphaera histrica		Triantaphyllou et al., 2015
Syracosphaera isselii HOL	HOL			
Syracosphaera magnaghii HOL	HOL			
Syracosphaera marginiporata	HET			
Syracosphaera mediterranea	HET	Syracosphaera mediterranea HOL gracillima type		Cortes et al., 2002
Syracosphaera mediterranea	HET	Syracosphaera mediterranea HOL gracillima type		Triantaphyllou et al., 2015
Syracosphaera mediterranea	HET	Syracosphaera mediterranea HOL marisrubri type		Keuter et al., 2021
Syracosphaera mediterranea	HET	Syracosphaera mediterranea HOL wettsteinii type		Kamptner et al., 1940
Syracosphaera mediterranea	HET	Syracosphaera mediterranea HOL wettsteinii type		Cros et al., 2000
Syracosphaera mediterranea HOL gracillima type	HOL	Syracosphaera mediterranea		Cortes et al., 2002
Syracosphaera mediterranea HOL gracillima type	HOL	Syracosphaera mediterranea		Triantaphyllou et al., 2015
Syracosphaera mediterranea HOL marisrubri type	HOL	Syracosphaera mediterranea		Keuter et al., 2021
Syracosphaera mediterranea HOL wettsteinii type	HOL	Syracosphaera mediterranea		Kamptner et al., 1940
Syracosphaera mediterranea HOL wettsteinii type	HOL	Syracosphaera mediterranea		Cros et al., 2000
Syracosphaera molischii	HET	Syracosphaera molischii HOL		Cros et al., 2000
Syracosphaera molischii	HET	Syracosphaera molischii HOL		Triantaphyllou et al., 2016
Syracosphaera molischii	HET	Syracosphaera molischii HOL		Skejic et al., 2018
Syracosphaera molischii HOL	HOL	Syracosphaera molischii		Cros et al., 2000
Syracosphaera molischii HOL	HOL	Syracosphaera molischii		Triantaphyllou et al., 2016
Syracosphaera molischii HOL	HOL	Syracosphaera molischii		Skejic et al., 2018
Syracosphaera nana HOL	HOL	Syracosphaera nana		Kleijne et al., 1991
Syracosphaera nana HOL	HOL	Syracosphaera nana		Cros et al., 2000
Syracosphaera neapolitana	HET			
Syracosphaera nodosa	HET			
Syracosphaera noroitica	HET			
Syracosphaera orbiculus	HET			
Syracosphaera ossa	HET			
Syracosphaera periperforata HOL	HOL	Syracosphaera periperforata		Archontikis et al., 2020
Syracosphaera prolongata	HET			
Syracosphaera protrudens	HET			
Syracosphaera pulchra	HET	Syracosphaera pulchra HOL galea type		Keuter et al., 2021
Syracosphaera pulchra	HET	Syracosphaera pulchra HOL oblonga type		Cros et al., 2000
Syracosphaera pulchra	HET	Syracosphaera pulchra HOL oblonga type		Geissen et al., 2002
Syracosphaera pulchra	HET	Syracosphaera pulchra HOL pirus type		Lecal-Schlauder 1961
Syracosphaera pulchra	HET	Syracosphaera pulchra HOL pirus type		Geissen et al., 2002
Syracosphaera pulchra	HET	Syracosphaera pulchra HOL pirus type		Heimdal et al., 2000
Syracosphaera pulchra HOL galea type	HOL	Syracosphaera pulchra		Keuter et al., 2021
Syracosphaera pulchra HOL oblonga type	HOL	Syracosphaera pulchra		Cros et al., 2000
Syracosphaera pulchra HOL oblonga type	HOL	Syracosphaera pulchra		Geissen et al., 2002
Syracosphaera pulchra HOL pirus type	HOL	Syracosphaera pulchra		Lecal-Schlauder 1961
Syracosphaera pulchra HOL pirus type	HOL	Syracosphaera pulchra		Geissen et al., 2002
Syracosphaera pulchra HOL pirus type	HOL	Syracosphaera pulchra		Heimdal et al., 2000
Syracosphaera reniformis	HET			
Syracosphaera rotula	HET			
Syracosphaera squamosa	HET			
Syracosphaera strigilis	HET	Syracosphaera strigilis HOL		Supraha et al., 2015
Syracosphaera strigilis	HET	Syracosphaera strigilis HOL		Supraha et al., 2018
Syracosphaera strigilis HOL	HOL	Syracosphaera strigilis		Supraha et al., 2015
Syracosphaera strigilis HOL	HOL	Syracosphaera strigilis		Supraha et al., 2018
Syracosphaera tumularis	HET			
Turrilithus latericioides	HET			
Umbellosphaera irregularis	HET			
Umbellosphaera tenuis	HET			
Umbilicosphaera anulus	HET			
Umbilicosphaera foliosa	HET			
Umbilicosphaera hulburtiana	HET			
Umbilicosphaera sibogae	HET			
Wigwamma antarctica	HET			
Zygosphaera amoena	HOL			
Zygosphaera marsilii	HOL			
